{
    "metrics": {
        "http_req_connecting": {
            "max": 10.2281,
            "p(90)": 0.5595000000000001,
            "p(95)": 0.6493399999999993,
            "avg": 0.16646883333333332,
            "min": 0,
            "med": 0
        },
        "http_reqs": {
            "count": 600,
            "rate": 19.42330668025107
        },
        "http_req_blocked": {
            "p(95)": 0.8079199999999988,
            "avg": 0.23715733333333328,
            "min": 0,
            "med": 0,
            "max": 13.9018,
            "p(90)": 0.5974300000000001
        },
        "http_req_receiving": {
            "avg": 4.375082333333335,
            "min": 0,
            "med": 2.8002000000000002,
            "max": 32.6498,
            "p(90)": 10.404820000000003,
            "p(95)": 12.360814999999976
        },
        "http_req_duration": {
            "p(90)": 17.994890000000005,
            "p(95)": 21.983354999999996,
            "avg": 10.350482666666664,
            "min": 1.2676,
            "med": 10.245349999999998,
            "max": 43.3513
        },
        "http_req_duration{expected_response:true}": {
            "avg": 10.524537799999997,
            "min": 1.2676,
            "med": 10.49935,
            "max": 43.3513,
            "p(90)": 17.994890000000005,
            "p(95)": 20.675099999999997
        },
        "iterations": {
            "count": 100,
            "rate": 3.2372177800418447
        },
        "vus": {
            "value": 10,
            "min": 10,
            "max": 10
        },
        "vus_max": {
            "value": 10,
            "min": 10,
            "max": 10
        },
        "http_req_failed": {
            "passes": 100,
            "fails": 500,
            "value": 0.16666666666666666
        },
        "http_req_tls_handshaking": {
            "med": 0,
            "max": 0,
            "p(90)": 0,
            "p(95)": 0,
            "avg": 0,
            "min": 0
        },
        "http_req_waiting": {
            "avg": 5.943705666666658,
            "min": 0.5072,
            "med": 4.49235,
            "max": 33.2272,
            "p(90)": 12.212860000000001,
            "p(95)": 15.602799999999995
        },
        "http_req_sending": {
            "avg": 0.031694666666666656,
            "min": 0,
            "med": 0,
            "max": 1.0473,
            "p(90)": 0,
            "p(95)": 0.26389499999999866
        },
        "iteration_duration": {
            "p(90)": 3117.80066,
            "p(95)": 3132.3893,
            "avg": 3079.9167050000005,
            "min": 3025.5502,
            "med": 3080.5649,
            "max": 3137.4013
        },
        "data_sent": {
            "count": 115600,
            "rate": 3742.2237537283727
        },
        "data_received": {
            "count": 2078500,
            "rate": 67285.57155816974
        }
    },
    "root_group": {
        "groups": {},
        "checks": {},
        "name": "",
        "path": "",
        "id": "d41d8cd98f00b204e9800998ecf8427e"
    }
}