{
    "metrics": {
        "http_req_duration{expected_response:true}": {
            "avg": 8.171542000000002,
            "min": 0.5046,
            "med": 6.20995,
            "max": 93.2242,
            "p(90)": 14.334200000000003,
            "p(95)": 18.123089999999998
        },
        "data_sent": {
            "rate": 6098.38133342392,
            "count": 189000
        },
        "vus": {
            "value": 10,
            "min": 10,
            "max": 10
        },
        "http_reqs": {
            "rate": 29.039911111542477,
            "count": 900
        },
        "http_req_duration": {
            "p(95)": 18.123089999999998,
            "avg": 8.171542000000002,
            "min": 0.5046,
            "med": 6.20995,
            "max": 93.2242,
            "p(90)": 14.334200000000003
        },
        "data_received": {
            "count": 2909400,
            "rate": 93876.35265324631
        },
        "iteration_duration": {
            "avg": 3091.078769999999,
            "min": 3033.2168,
            "med": 3074.2718,
            "max": 3209.554,
            "p(90)": 3166.13539,
            "p(95)": 3194.825735
        },
        "http_req_connecting": {
            "avg": 0.1904188888888889,
            "min": 0,
            "med": 0,
            "max": 2.4373,
            "p(90)": 0.5913600000000001,
            "p(95)": 0.692
        },
        "http_req_receiving": {
            "max": 88.5479,
            "p(90)": 5.74364,
            "p(95)": 8.578674999999993,
            "avg": 3.083002666666668,
            "min": 0,
            "med": 2.0534999999999997
        },
        "http_req_blocked": {
            "avg": 0.36981733333333294,
            "min": 0,
            "med": 0,
            "max": 14.7982,
            "p(90)": 0.6360600000000001,
            "p(95)": 0.889605
        },
        "http_req_tls_handshaking": {
            "avg": 0,
            "min": 0,
            "med": 0,
            "max": 0,
            "p(90)": 0,
            "p(95)": 0
        },
        "vus_max": {
            "value": 10,
            "min": 10,
            "max": 10
        },
        "http_req_waiting": {
            "med": 3.29235,
            "max": 90.5778,
            "p(90)": 10.028400000000001,
            "p(95)": 13.319599999999973,
            "avg": 5.052237444444447,
            "min": 0.5043
        },
        "iterations": {
            "count": 100,
            "rate": 3.2266567901713863
        },
        "http_req_sending": {
            "med": 0,
            "max": 1.1907,
            "p(90)": 0,
            "p(95)": 0.5045,
            "avg": 0.036301888888888904,
            "min": 0
        },
        "http_req_failed": {
            "passes": 0,
            "fails": 900,
            "value": 0
        }
    },
    "root_group": {
        "groups": {},
        "checks": {},
        "name": "",
        "path": "",
        "id": "d41d8cd98f00b204e9800998ecf8427e"
    }
}