{
    "metrics": {
        "http_req_connecting": {
            "p(95)": 0.6567599999999999,
            "avg": 18.32849928571429,
            "min": 0,
            "med": 0,
            "max": 1018.9132,
            "p(90)": 0.5463100000000001
        },
        "iterations": {
            "rate": 2.2525059200762825,
            "count": 70
        },
        "vus_max": {
            "value": 10,
            "min": 10,
            "max": 10
        },
        "vus": {
            "min": 8,
            "max": 10,
            "value": 8
        },
        "http_req_duration": {
            "avg": 11.662745178571438,
            "min": 0,
            "med": 8.7425,
            "max": 148.8943,
            "p(90)": 18.74277,
            "p(95)": 21.849884999999986
        },
        "http_req_blocked": {
            "avg": 18.349007500000017,
            "min": 0,
            "med": 0,
            "max": 1018.9132,
            "p(90)": 0.5617000000000001,
            "p(95)": 0.6920349999999998
        },
        "http_req_duration{expected_response:true}": {
            "med": 9.226849999999999,
            "max": 148.8943,
            "p(90)": 18.884620000000005,
            "p(95)": 22.29989999999999,
            "avg": 12.559879423076932,
            "min": 1.0578
        },
        "data_received": {
            "count": 1652270,
            "rate": 53167.82795092056
        },
        "data_sent": {
            "count": 107470,
            "rate": 3458.2401604371153
        },
        "http_req_waiting": {
            "avg": 7.6406837499999956,
            "min": 0,
            "med": 4.37865,
            "max": 147.7196,
            "p(90)": 12.26852000000001,
            "p(95)": 16.995909999999995
        },
        "http_req_tls_handshaking": {
            "max": 0,
            "p(90)": 0,
            "p(95)": 0,
            "avg": 0,
            "min": 0,
            "med": 0
        },
        "http_req_receiving": {
            "p(90)": 10.19499,
            "p(95)": 12.558469999999994,
            "avg": 3.999339285714286,
            "min": 0,
            "med": 2.7003500000000003,
            "max": 23.9077
        },
        "http_req_sending": {
            "p(90)": 0,
            "p(95)": 0.07114999999999941,
            "avg": 0.022722142857142857,
            "min": 0,
            "med": 0,
            "max": 0.9783
        },
        "http_req_failed": {
            "passes": 40,
            "fails": 520,
            "value": 0.07142857142857142
        },
        "iteration_duration": {
            "med": 3118.53705,
            "max": 9173.0584,
            "p(90)": 9172.5467,
            "p(95)": 9172.5467,
            "avg": 4431.014344285713,
            "min": 3027.9322
        },
        "http_reqs": {
            "count": 560,
            "rate": 18.02004736061026
        }
    },
    "root_group": {
        "checks": {},
        "name": "",
        "path": "",
        "id": "d41d8cd98f00b204e9800998ecf8427e",
        "groups": {}
    }
}