{
    "root_group": {
        "name": "",
        "path": "",
        "id": "d41d8cd98f00b204e9800998ecf8427e",
        "groups": {},
        "checks": {}
    },
    "metrics": {
        "iteration_duration": {
            "p(95)": 1204.24063,
            "avg": 1070.6347787456448,
            "min": 1024.5011,
            "med": 1046.9643,
            "max": 1229.5547,
            "p(90)": 1140.45264
        },
        "http_req_duration": {
            "avg": 6.927864111498262,
            "min": 0.5069,
            "med": 4.1634,
            "max": 52.3686,
            "p(90)": 14.909600000000006,
            "p(95)": 21.276560000000003
        },
        "http_req_tls_handshaking": {
            "med": 0,
            "max": 0,
            "p(90)": 0,
            "p(95)": 0,
            "avg": 0,
            "min": 0
        },
        "vus_max": {
            "value": 10,
            "min": 10,
            "max": 10
        },
        "http_req_failed": {
            "passes": 0,
            "fails": 2583,
            "value": 0
        },
        "vus": {
            "value": 10,
            "min": 10,
            "max": 10
        },
        "http_req_duration{expected_response:true}": {
            "avg": 6.927864111498262,
            "min": 0.5069,
            "med": 4.1634,
            "max": 52.3686,
            "p(90)": 14.909600000000006,
            "p(95)": 21.276560000000003
        },
        "http_req_connecting": {
            "avg": 0.1541318234610918,
            "min": 0,
            "med": 0,
            "max": 2.5067,
            "p(90)": 0.5317600000000001,
            "p(95)": 0.6045900000000001
        },
        "http_reqs": {
            "count": 2583,
            "rate": 83.59604406949128
        },
        "http_req_blocked": {
            "min": 0,
            "med": 0,
            "max": 5.6931,
            "p(90)": 0.5819799999999999,
            "p(95)": 0.6906000000000001,
            "avg": 0.22417909407665504
        },
        "data_received": {
            "count": 8361458,
            "rate": 270609.6831022843
        },
        "iterations": {
            "count": 287,
            "rate": 9.288449341054587
        },
        "http_req_receiving": {
            "avg": 2.787915098722414,
            "min": 0,
            "med": 1.172,
            "max": 39.368,
            "p(90)": 6.755760000000001,
            "p(95)": 11.472530000000006
        },
        "http_req_sending": {
            "avg": 0.031139295392953906,
            "min": 0,
            "med": 0,
            "max": 1.0122,
            "p(90)": 0,
            "p(95)": 0.50609
        },
        "http_req_waiting": {
            "med": 2.6267,
            "max": 44.0775,
            "p(90)": 9.421780000000007,
            "p(95)": 13.400290000000021,
            "avg": 4.108809717382883,
            "min": 0.5044
        },
        "data_sent": {
            "count": 498806,
            "rate": 16143.324954752872
        }
    }
}