{
    "root_group": {
        "groups": {},
        "checks": {},
        "name": "",
        "path": "",
        "id": "d41d8cd98f00b204e9800998ecf8427e"
    },
    "metrics": {
        "vus_max": {
            "max": 5,
            "value": 5,
            "min": 5
        },
        "data_sent": {
            "count": 102510,
            "rate": 3323.624670429105
        },
        "http_req_duration": {
            "med": 5.57865,
            "max": 19.2554,
            "p(90)": 11.104630000000002,
            "p(95)": 12.456839999999998,
            "avg": 6.303679791666667,
            "min": 1.1872
        },
        "http_req_blocked": {
            "p(95)": 1.009335,
            "avg": 0.2900052083333334,
            "min": 0,
            "med": 0,
            "max": 5.7004,
            "p(90)": 0.7264200000000001
        },
        "http_req_connecting": {
            "p(95)": 0.7772749999999994,
            "avg": 0.20546166666666668,
            "min": 0,
            "med": 0,
            "max": 1.5072,
            "p(90)": 0.5903900000000002
        },
        "http_req_waiting": {
            "med": 2.9890499999999998,
            "max": 16.5099,
            "p(90)": 7.881270000000001,
            "p(95)": 9.93294,
            "avg": 3.8694222916666687,
            "min": 0
        },
        "data_received": {
            "count": 1479030,
            "rate": 47953.766425760994
        },
        "vus": {
            "value": 5,
            "min": 5,
            "max": 5
        },
        "iterations": {
            "count": 30,
            "rate": 0.9726733012669316
        },
        "iteration_duration": {
            "p(90)": 5195.53286,
            "p(95)": 5202.171615,
            "avg": 5136.7357833333335,
            "min": 5076.6553,
            "med": 5129.08765,
            "max": 5206.3894
        },
        "http_req_sending": {
            "med": 0,
            "max": 0.6259,
            "p(90)": 0,
            "p(95)": 0.5063249999999999,
            "avg": 0.03741520833333333,
            "min": 0
        },
        "http_req_receiving": {
            "avg": 2.3968422916666685,
            "min": 0,
            "med": 1.73085,
            "max": 11.0813,
            "p(90)": 5.189930000000001,
            "p(95)": 6.6883149999999985
        },
        "http_req_failed": {
            "fails": 480,
            "passes": 0,
            "value": 0
        },
        "http_reqs": {
            "count": 480,
            "rate": 15.562772820270906
        },
        "http_req_tls_handshaking": {
            "p(90)": 0,
            "p(95)": 0,
            "avg": 0,
            "min": 0,
            "med": 0,
            "max": 0
        },
        "http_req_duration{expected_response:true}": {
            "avg": 6.303679791666667,
            "min": 1.1872,
            "med": 5.57865,
            "max": 19.2554,
            "p(90)": 11.104630000000002,
            "p(95)": 12.456839999999998
        }
    }
}